{
  "manufacturer":"Fujitsu",
  "supportedModels":[
    "AR-AB5"
  ],
  "supportedController":"Broadlink",
  "commandsEncoding":"Base64",
  "minTemperature":18.0,
  "maxTemperature":30.0,
  "precision":1.0,
  "operationModes":[
    "cool",
    "dry",
    "fan_only"
  ],
  "fanModes":[
    "auto",
    "low",
    "medium",
    "high"
  ],
  "commands":{
    "off":"JgBIAAABKZMTEhMSEzcTEhM3ExEUERQRFDYUNhQRFDYTEhQ2EzcTNxM2FBEUERQRFBEUERQ2FDYTEhQ2EzcTNxM3EzYUERQRFAANBQ==",
    "cool":{
      "auto":{
        "18":"JgCIAAABKZMTEhMSEzcTEhM2FBEUERQRFDYUNhQREzcTEhM3EzcTNhQRFBEUERQ2FDYUERQRFDYTNxMSExITEhMSEzcTEhMRFBEUERQ2FBEUERQRFBETEhMSExITEhMSExITEhMSExITEhMRFBEUERQRFBEUERQRFBEUERQRExITEhMSExITEhMADQU=",
        "19":"JgCIAAABKZEWEBUQFTUVEBQ2FBEUERQRFDYUNRUQFTUVEBU1FTUVNRUQFRAUERQ2FDYUERQRFDUVNRUQFRAVEBU1FTUVEBUQFRAVEBU1FBEUERQRFBEUEBUQFRAVEBUQFRAVEBUQFRAVEBUQFRAVEBUQFRAVEBUQFRAVEBUQFBEUERQRFBEUERQADQU=",
        "20":"JgCIAAABK5EVEBUQFTUVEBU1FRAUERQRFDUVNRURFDUVEBU1FTUVNRUQFRAVEBU0FTUVERQRFDUVNRUQFRAVEBUQFRAVNRUQFRAUERQ1FREUERQRFBEUERQQFRAVEBUQFRAVEBUQFRAUERQRFBEUERQRFBEUERMSFBETEhMSExEUERQRFBEUERQADQU=",
        "21":"JgCIAAABKZMTEhMSEzcTEhM2FBEUERQRFDYUNhQRFDYTEhM3EzcTNxMSExITERQ2FDYUERQRFDYUNhMSExITEhM3ExITNxMRFRAVEBU1FBEVEBUQFRAVEBUQFRAVEBQRFBEUERQRFBEUERQRFBAVEBUQFRAVEBUQFRAVEBUQFRAVEBUQFBEVEBQADQU=",
        "22":"JgCIAAABK5EUERQRFDYUERQ2FBEUEBUQFjQWNBYPFTUVEBU1FTUUNhQRFBEUEBY0FTUVEBUQFjQVNRUQFBEUERQRFDYUNhQRFBAVEBU1Fg8WDxUQFRAVEBUQFRAVEBUQFBEUERQRFBEUERUQFBAVEBYPFRAVEBUQFRAWDxUQFRAVEBUQFRAUERQADQU=",
        "23":"JgCIAAABKpIUERUQFDUVERQ1FREUERQRFDUVNRUQFTUVEBU1FDUVNRQSFBEUERQ1FTUVEBUQFTUUNhMSFBEUERQ1FDYUNhURFBETERQ2FBEUERQRFBEUERQRExITEhMSExISExMSExITEhITEhMSExISExITEhMSExISExITEhMSExITEhMSExIADQU=",
        "24":"JgCIAAABKpEVERQRFDUVERQ1FRAVEBUQFTUVNRUQFTQVERQ1FTUVNRUQFRAVEBU1FTUVEBUQFTUUNRURFBEUERQRFBEUERQ1FRAVEBU1FRAVEBUQFRAVEBUQFBEUERQRFBEUERQRFBEUERQQFRAVEBUQFRAVEBUQFRAVEBUQFRAUERQRFBEUERQADQU=",
        "25":"JgCIAAABKpEVEBUQFTUVEBU1FRAVEBQRFDUVNRUQFTUVEBU1FTUVNRUQFRAVEBU0FTUVEBUQFTUVNRUQFRAVEBU1FRAVEBU1FRAVEBQ1FREUERQRFBEUERQRFBAVEBUQFRAVEBUQFRAVEBUQFRAVEBUQFBEUERQRFBEUERQRFBEUERQQFRAVEBUADQU=",
        "26":"JgCIAAABKpETExITEjcVERI3FRESExMRFDYUNhQREjgUERQ2FDUVNRURFBEUEBU1FTUUERQRFDYUNhQRFBEUERQQFTUVEBU1FRAVEBU1FBEUERQRFBEUERQRFBEUERQRFBAVEBUQFRAVEBUQFRAVEBUQFRAVEBQRFBEUERQRFBEUERQRFBEUEBUADQU=",
        "27":"JgCIAAABKpIVEBUQFTQVERQ1FREUERQRFDUVNRUQFTUVEBU1FTQVNRURFBEUERQ1FTUVEBUQFTUVNRUQFRAVEBU0FTUVERQ1FREUERQ1FRAVEBUQFRAVEBQRFBEUERQRFBEUERQRFBEUERQRFBETEhQQFRAUERQRFBEUERQRFBEUERMSExITEhMADQU=",
        "28":"JgCIAAABKpEVEBUQFTUVEBU1FBEUERQRFDYUNRUQFTUVEBU1FTUVNRUQFRAVEBQ2FDYUERQQFTUVNRUQFRAVEBUQFRAVNRU1FBEUERQ2FBEUERQQFRAVEBUQFRAVEBUQFRAVEBUQFRAVEBUQFRAUERQRFBEUERQRFBAVEBUQFRAVEBUQFRAVEBUADQU=",
        "29":"JgCIAAABKpEVEBUQFTUVEBU1FRAVEBUQFTUUNhQRFDUVEBU1FTUVNRUQFRAVEBU1FDYUERQRFDUVNRUQFRAVEBU1FRAVNRU1FRAUERQ2FBEUERQQFRAVEBUQFRAVEBUQFRAVEBUQFRAVEBUQFRAVEBQRFBEUERQRFBAVEBUQFRAVEBUQFRAVEBUADQU=",
        "30":"JgCIAAABKZIVEBUQFTUUERQ2FBEUERQRFDYUNRUQFTUVEBU1FTUVNRQRFBEUERQ2FDYUEBURFDUVNRUQFRAVEBUQFTUUNhQ2FBEUERQ1FRAVEBUQFRAVEBUQFRAVEBUQFRAUERQRFBEUERQRFBEUERQRFBEUEBUQFRAVEBUQFRAVEBUQFRAVEBUADQU="
      },
      "high":{
        "18":"JgCIAAABKpEVERQRFDUVERQ1FRAVEBUQFTUVNRUQFTUVEBU0FTUVNRURFBEUEBU1FTUVEBUQFTUVNRQRFBEUERQRFDUVERQRFBAVEBU1FRAVNRU1ExIUERQRExIUERQRFBEUERQRFBETERUQFRAVEBUQFBEUERQRFBETEhMSExITEhMSExITEhMADQU=",
        "19":"JgCIAAABK5AWEBQRFDUVERQ1FREUEBUQFTUVNRUQFTUVEBU0FTUVNRURFBEUERQ1FTUVEBUQFTUVNRUQFRAVEBQ1FTUVERQRFBEUEBU1FRAVNRU1FRAVEBUQFRAVEBQRFBEUERQRFBEUERQQFRAVEBUQFRAVEBUQFRAVEBUQFRAVEBQRFBEUERQADQU=",
        "20":"JgCIAAABKpIUERQRFDYUERQ2FBEUERQQFTUVNRUQFTUUERQ2FDYUNhQRFBEUERQ1FTUVEBUQFTUVNRQRFBEUERQRFBEUNhQRFBEUERQ1FRAVNRU1FRAUERQRFBEUERQRFBEUERQRFBEUERQRFBAVEBUQFRAVEBUQFRAVEBUQFBEUERQRFBEUERQADQU=",
        "21":"JgCIAAABKpIUERQRFDYUERQ1FRAVEBUQFTUVNRUQFDYUERQ2FDYUNRURFBAVEBU1FTUVEBUQFTUUNhQRFBEUERQ2FBEUNRUQFRAVEBU1FRAVNRU1FRAUERQRFBEUERQRFBEUERQQFRAVEBUQFRAVEBUQFRAVEBUQFRAVEBUQFRAVEBQRFBEUERUADQU=",
        "22":"JgCIAAABKpIUERQRFDUVEBU1FRAVEBUQFTUVNRQRFDYUERQ2FDYUNRUQFRAVEBU1FTUUERQRFDYUNhQRFBEUERQRFDUVNRUQFRAVEBU1FRAUNhQ2FBEUERQRFBEUERQRFBAVEBUQFRAVEBUQFRAVEBUQFRAUERQRFBEUERQRFBEUERQRFBEUEBUADQU=",
        "23":"JgCIAAABKpEVERQQFTUVEBU1FRAVEBUQFTQVNRURFDUVERQ1FTUVNRUQFRAVEBU1FTUUERQRFDUVNRURFBEUEBU1FTUVNRUQFRAVEBU0FREUNRU1FREUERQQFRAVEBUQFRAVEBUQFRAVEBUQFRAVEBQRFBEUERQRFBEUERQRFBAVEBUQFRAVEBUADQU=",
        "24":"JgCIAAABKpEVERQRFDUVERQ1FRAVEBUQFTUVNRUQFTUVEBQ1FTUVNRURFBAVEBU1FTUVEBUQFTUUNRURFBEUERQRFBEUERQ1FRAVEBU1FRAVNRU1FRAVEBQRFBEUERQRFBEUERQRFBAVEBUQFRAVEBUQFRAVEBUQFRAVEBUQFBEUERQRFBEUERQADQU=",
        "25":"JgCIAAABKpEVEBUQFTUVEBU1FBEUERQRFDYUNhQRFDUVEBU1FTUVNRUQFBEUERQ2FDYUERQRFDUVNRUQFRAVEBU1FRAVEBQ2FBEUERQ2FBEUNRU1FRAVEBUQFRAVEBUQFRAVEBUQFBEUERQRFBEUERQRFBEUERQRFBAVEBUQFRAVEBUQFRAVEBUADQU=",
        "26":"JgCIAAABKZIUERQRFDYUERQ2FBEUERQQFTUVNRUQFTUVEBQ2FDYUNhQRFBEUERQ1FTUVEBUQFTUVNRQRFBEUERQRFDYUERQ2FBEUEBU1FRAVNRU1FBEUERQRFBEUERQRFBEUERQRFBEUERQQFRAVEBUQFRAVEBUQFRAVEBQRFBEUERQRFBEUERQADQU=",
        "27":"JgCIAAABKZIUERQRFDYUERQ2FBEUEBUQFTUVNRUQFTUVEBU1FDYUNhQRFBEUERQ1FTUVEBUQFTUVNRQRFBEUERQ2FDYUERQ1FRAVEBU1FRAVNRU1FRAUERQRFBEUERQRFBEUERQRFBAVEBUQFRAVEBUQFRAVEBUQFRAVEBUQFRAUERQRFBEUERQADQU=",
        "28":"JgCIAAABKpEVEBUQFTUVEBU1FRAUERQRFDYUNhQRFDYUERQ1FTUVNRUQFRAVEBU1FDYUERQRFDYUNRURFBAVEBUQFRAVNRU1FBEUERQ2FBEUNhQ2FBEUEBUQFRAVEBUQFRAVEBUQFRAUERQRFBEUERQRFBEUERQRFBEUERQQFRAVEBUQFRAVEBUADQU=",
        "29":"JgCIAAABKZIUERQRFDYUERQ2FBEUERQRFDUVNRUQFTUVEBU1FDYUNhQRFBEUERQ1FTUVEBUQFTUVNRUQFBEUERQ2FBEUNhQ1FREUERQ1FRAVNRU1FRAVEBQRFBEUERQRFBEUERQRFBEUERQQFRAVEBUQFRAVEBUQFRAVEBQRFBEUERQRFBEUERQADQU=",
        "30":"JgCIAAABKpEVERQRFDUVEBU1FRAVEBUQFTUUNhQRFDYUERQ2FDUVNRUQFRAVEBU1FTUUERQRFDYUNhQRFBEUERQRFDUVNRU1FRAVEBQ2FBEUNhQ2FBEUERQRFBEUEBUQFRAVEBUQFRAVEBUQFBEUERQRFBEUERQRFBEUERQRFBEUEBUQFRAVEBUADQU="
      },
      "medium":{
        "18":"JgCIAAABKpIUERQRFDUVEBU1FRAVEBUQFTUVNRUQFTUUERQ2FDYUNRUQFRAVEBU1FTUVEBUQFTUUNhQRFBEUERQRFDUVEBUQFRAVEBU1FRAVEBU1FRAVEBQRFBEUERQRFBEUERQQFRAVEBUQFRAVEBUQFRAVEBUQFRAVEBUQFBEUERQRFBEUERQADQU=",
        "19":"JgCIAAABKpEVEBUQFTUVEBU1FBEUERQRFDYUNRUQFTUVEBU1FTUVNRUQFRAUERQ2FDUVEBUQFTUVNRUQFRAVEBU1FTUVEBUQFBEUERQ1FREUEBU1FRAVEBUQFRAVEBUQFRAVEBUQFRAVEBUQFBEUERQRFBEUEBUQFRAVEBUQFRAVEBUQFRAVEBUADQU=",
        "20":"JgCIAAABKJMUERQRFDYTEhM3ExITEhMSEzcTNhQRFDYUERQ2FDYTNxMSExITEhM3EzcTEhMRFDYUNhQRFBEUERQRFBETNxMSExITEhM3ExITEhM2FBEUERQRFBEUERQRFBEUERMSExITEhMSExITEhMSExITEhMSExEUERQRFBEUERQRFBEUERMADQU=",
        "21":"JgCIAAABKpIUERQRFDUVEBU1FRAVEBUQFTUVNRUQFTUVEBU1FDUVNRUQFRAVEBU1FTUVEBUQFTUVNRUQFRAUERQ1FRAVNRUQFRAVEBU1FRAVEBU1FRAVEBUQFRAUERQQFRAVEBUQFRAVEBUQFRAVEBUQFRAVEBUQFRAVEBUQFRAVEBQRFBAVEBUADQU=",
        "22":"JgCIAAABKpEVERQRFDUVEBU1FRAVEBUQFTUVNRUQFTQVERQ1FTUVNRUQFRAVEBU1FTUVEBUQFTQVNRURFBEUERQRFDUVNRUQFRAVEBU1FRAVEBU0FREUERQRFBEUERQRFBEUEBUQFRAVEBUQFRAVEBUQFRAVEBUQFRAUERQRFBEUERQRFBEUERQADQU=",
        "23":"JgCIAAABKpEVEBUQFTUVEBU1FRAVEBUQFTUUNhQRFDYUERQ1FTUVNRUQFRAVEBU1FTUUERQRFDYUNhQRFBAVEBU1FTUVNRUQFRAVEBU1FBEUERQ2FBEUERQQFRAVEBUQFRAVEBUQFRAVEBUQFRAVEBQRFBEUERQRFBEUERQQFRAVEBUQFRAVEBUADQU=",
        "24":"JgCIAAABKpEVERQRFDUVERQ1FRAVEBUQFTUVNRUQFTQVERQ1FTUVNRURFBAVEBU1FTUVEBUQFTUVNBURFBEUERQRFBEUERQ1FRAVEBU1FRAVEBU1FRAVEBUQFBEUERQRFBEUERQRFBEUEBUQFRAVEBUQFRAVEBUQFRAVEBQRFBEUERQRFBEUERQADQU=",
        "25":"JgCIAAABKpEVEBUQFTUVEBU1FRAVEBUQFTQVNRURFDUVERQ1FTUVNRUQFRAVEBU1FTQVERQRFDUVNRURFBAVEBU1FRAVEBU1FRAVEBU0FREUERQ1FREUERQRFBAVEBUQFRAVEBUQFRAVEBUQFRAVEBUQFBEUERQRFBEUERQRFBEUEBUQFRAVEBUADQU=",
        "26":"JgCIAAABKpEVEBUQFTUVEBU1FRAVEBUQFTUVNRQRFDYUERQ1FTUVNRUQFRAVEBU1FTUVEBQRFDYUNhQRFBAVEBUQFTUVEBU1FRAVEBU1FRAUERQ2FBEUERQQFRAVEBUQFRAVEBUQFRAVEBUQFRAVEBUQFRAUERQRFBEUERQRFBEUEBUQFRAVEBUADQU=",
        "27":"JgCIAAABKpEVEBUQFTUVEBU1FBEUERQRFDYUNRURFDUVEBU1FTUVNRUQFBEUERQ2FDYUERQRFDUVNRUQFRAVEBU1FTUUERQ2FBEUERQ2FBEUEBU1FRAVEBUQFRAVEBUQFRAUERQRFBEUERQRFBEUERQRFBEUEBUQFRAVEBUQFRAVEBUQFRAVEBQADQU=",
        "28":"JgCIAAABKpIVEBUQFTUUERQ2FBEUEBUQFTUVNRUQFTUVEBU1FTUVNRQRFBEUERQ1FTUVEBUQFTUVNRUQFRAVEBUQFRAVNRQ1FRAVEBU1FRAVEBU1FRAVEBUQFRAVEBUQFRAVEBQRFBEUERQRFBAVEBUQFRAVEBUQFRAVEBUQFRAVEBUQFRAVEBUADQU=",
        "29":"JgCIAAABKZIVEBUQFDYUERQ2FBEUERQRFDUVNRUQFTUVEBU1FDYUNhQRFBEUERQ1FTUVEBUQFTYUNRUQFRAUERQ2FBEUNhQ2FBEUEBU1FRAVEBU1FRAVEBQRFBEUERQRFBEUERQRFBEUERQRFBAVEBUQFRAVEBUQFRAVEBUQFBEUERQRFBEUERQADQU=",
        "30":"JgCIAAABKpIUERQRFDYUERQ1FRAVEBUQFTUVNRUQFTUUERQ2FDYUNhQRFBEUEBU1FTUVEBUQFTUUNhQRFBEUERQRFDYUNRU1FRAVEBU1FRAVEBU1FBEUERQRFBEUERQRFBEUERQQFRAVEBUQFRAVEBUQFRAVEBUQFBEUERQRFBEUERQRFBEUERQADQU="
      },
      "low":{
        "18":"JgCIAAABKpEVEBUQFTUVEBU1FBEUERQRFDYUNhQRFDUVEBU1FTUVNRUQFRAUERQ2FDYUERQRFDUVNRUQFRAVEBUQFTUVEBQRFBEUERQ2FBEUNRURFBAVEBUQFRAVEBUQFRAVEBUQFRAUERQRFBEUERQRFBEUERQRFBEUEBUQFRAVEBUQFRAVEBUADQU=",
        "19":"JgCIAAABKpEVERQQFTUVEBU1FRAVEBUQFTUVNRUQFTUUERQ1FTUVNRUQFRAVEBU1FTUVEBUQFTUUNhQRFBEUEBU1FTUVEBUQFRAVEBU1FRAVNRUQFBEUERQRFBEUEBUQFRAVEBUQFRAVEBUQFRAVEBUQFRAVEBUQFRAUERQRFBEUERQQFRAVEBUADQU=",
        "20":"JgCIAAABKZIVEBUQFDYUERQ2FBEUERQRFDUVNRUQFTUVEBU1FTUUNhQRFBEUERQ1FTUVEBUQFTUVNRUQFRAVEBQRFBEUNhQRFBEUERQ1FRAVNRUQFRAVEBUQFRAVEBUQFBEUERQRFBEUERQRFBEUEBUQFRAVEBUQFRAVEBUQFRAVEBUQFRAUERQADQU=",
        "21":"JgCIAAABKpIVEBUQFTUUERQ1FRAVEBUQFTUVNRUQFTUVEBU1FTUUNhQRFBEUEBU1FTUVEBUQFTUVNRUQFRAVEBQ2FBEUNRUQFRAVEBU1FRAVNRUQFRAVEBUQFRAVEBQRFBEUERQRFBAVEBUQFRAVEBUQFRAVEBUQFRAVEBUQFRAVEBUQFBEUERQADQU=",
        "22":"JgCIAAABKpIUERQRFDYUERQ1FRAVEBUQFTUVNRUQFDYUERQ2FDYUNRUQFRAVEBU1FTUVEBUQFTUUNhQRFBEUERQRFDUVNRUQFRAVEBU1FRAVNRQRFBEUERQRFBEUERQRFBEUEBUQFRAVEBUQFRAVEBUQFRAVEBUQFBEUERQRFBEUERQRFBEUERQADQU=",
        "23":"JgCIAAABKpIUERQRFDUVEBU1FRAVERQQFTUVNRQRFDYUERQ2FDUVNRUQFRAVEBU1FTUVEBQRFDYUNhQRFBEUERQ1FTUVNRUQFRAVEBU1FBEUNhQRFBEUERQRFBEUERQQFRAVEBUQFRAVEBUQFRAVEBUQFBEUERQRFBEUERQRFBEUERQRFBAVEBUADQU=",
        "24":"JgCIAAABKpEVEBUQFTUVEBU1FRAVEBUQFDYUNhQRFDUVEBU1FTUVNRUQFRAVEBU1FDYUERQRFDUVNRUQFRAVEBUQFRAVEBU1FRAVEBQ2FBEUNhQRFBAVEBUQFRAVEBUQFRAVEBUQFRAVEBUQFRAVEBQRFBEUERQRFBEUEBUQFRAVEBUQFRAVEBUADQU=",
        "25":"JgCIAAABKpIVEBUQFDYUERQ1FRAVEBUQFTUVNRUQFTUVEBU1FTUUNhQRFBEUEBU1FTUVEBUQFTUVNRUQFRAVEBQ2FBEUERQ1FRAVEBU1FRAVNRUQFRAVEBUQFRAVEBQRFBEUERQRFBAVEBUQFRAVEBUQFRAVEBUQFRAVEBUQFRAVEBUQFBEUERQADQU=",
        "26":"JgCIAAABKJQSExITEjcTExI3ExMSExITEjcTNxMSEjgSExI4EjcTNxMTEhMSExI3EzcTEhMSEzcSOBITEhMSExITEjcTExI3ExMSExI3ExITNxITEhMSExITEhMSExITEhMSExITEhMSExITEhITEhMSExITEhITEhMSExITEhMSExITEhMSExIADQU=",
        "27":"JgCIAAABKpIUERQRFDYUERQ2FBAVEBUQFTUVNRUQFTUVEBU1FDYUNhQRFBEUEBU1FTUVEBUQFTUVNRUQFBEUERQ2FDUVEBU1FRAVEBU1FRAVNRUQFRAVEBQRFBEUERQRFBEUERQQFRAVEBUQFRAVEBUQFRAVEBUQFRAVEBUQFBEUERQRFBEUERQADQU=",
        "28":"JgCIAAABKpIVEBQRFDYUERQ1FRAVEBUQFTUVNRUQFTUVEBU1FDYUNhQRFBEUEBU1FTUVEBUQFTUVNRUQFRAUERQRFBEUNhQ1FRAVEBU1FRAVNRUQFRAVEBUQFRAUERQRFBEUERQRFBAVEBUQFRAVEBUQFRAVEBUQFRAVEBUQFRAVEBUQFBEUERQADQU=",
        "29":"JgCIAAABKpIUERQRFDUVEBU1FRAVEBUQFTUVNRUQFTUUERQ2FDUVNRUQFRAVEBU1FTUVEBUQFTUUNhQRFBEUERQ1FRAVNRU1FRAVEBU1FRAVNRQRFBEUERQRFBAVEBUQFRAVEBUQFRAVEBUQFRAVEBUQFRAVEBUQFBEUERQRFBEUEBUQFRAVEBUADQU=",
        "30":"JgCIAAABKpIUERQRFDYUERQ1FRAVEBUQFTUVNRUQFTUVEBU1FDYUNRUQFRAVEBU1FTUVEBUQFTUVNRQRFBEUERQRFDUVNRU1FRAVEBU1FRAVNRUQFRAUERQRFBEUERQRFBAVEBUQFRAVEBUQFRAVEBUQFRAVEBUQFRAVEBUQFBEUERQRFBEUERQADQU="
      }
    },
    "dry":{
      "auto":{
        "18":"JgCIAAABKJMTEhMSEzcSExI4EhMSExMSEjcTNxQREzcTEhM3EzcSOBMSExISExM2FDYTEhMSFDYUNhMSExITEhMSEzcUERMSExISNxMSFBETNxMSExITEhMSFBETEhMSExISExITExISExITExISExISExITEhQRExIUERMSFBETEhMSExITEhIADQU=",
        "19":"JgCIAAABKpIVEBUQFDYUERU0FRAVEBYPFjQVNRUQFTUVEBQ2FDYUNRUQFRAVEBU1FTUVEBUQFTUVNRQRFRAUERQ2FDUVEBUQFRAVNRUQFRAVNRUQFRAVEBQRFBEUERQRFBEUERQRFBAUERUQFRAUERQRFRAVEBUQFRATEhMSExITEhMSFBEUERMADQU=",
        "20":"JgCIAAABKZIUERQRFDYUERM3FBESExITEjcVNRURFDUVERQ1FDYUNhQRFBEUERQ2FDUVERISFTUVNRURFBEUEBUQFBEUNhQRFBEUNhQRFBEUNRUQFRAVEBUQFRAVEBUQFRAUERQRFBEUERQRFBEUERQRFBEUEBUQFRAVEBUQFRAVEBURFBAVEBUADQU=",
        "21":"JgCIAAABKZIUERQRFDYUERQ2FBEUERQRFDUVNRUQFTUVEBU1FDYUNhQRFBEUERQ1FTUVEBUQFTUVNRUQFBEUERQ2FBEUNhQRFBEUNRUQFRAVNRUQFRAVEBQRFBEUERQRFBEUERQRFBEUERQRFBAVEBUQFRAVEBUQFRAVEBUQFRAUERQRFBEUERQADQU=",
        "22":"JgCIAAABKZIVEBUQFTUUERQ2FBEUERQRFDUVNRUQFTUVEBU1FTUUNhQRFBEUERQ2FDUVEBUQFTUVNRUQFRAVEBUQFDYUNhQRFBEUNRUQFRAVNRUQFRAVEBUQFRAVEBUQFBEUERUQFBEUERQRFBEUERQQFRAVEBUQFRAVEBUQFRAVEBUQFRAUERQADQU=",
        "23":"JgCIAAABKpEVEBUQFTUVEBU1FRAVEBUQFTUVNRUQFDYUERQ1FTUVNRUQFRAVEBU1FTUVEBUQFTUUNhQQFRAVEBU1FTUVNRUQFRAVNRUQFRAUNhQRFBEUEBUQFRAVEBUQFRAVEBUQFRAVEBUQFRAVEBUQFRAVEBQRFBEUERQQFRAVEBUQFRAVEBUADQU=",
        "24":"JgCIAAABKpIUERQRFDYUEBU1FRAVEBUQFTUVNRUQFDYUERQ2FDYUNRUQFRAVEBU1FTUVEBUQFTUUNhQRFBEUERQRFBEUEBU1FRAVNRUQFRAVNRUQFBEUERQRFBEUERQRFBEUERQQFRAVEBUQFRAVEBUQFRAVEBUQFRAUERQRFBEUERQRFBEUERQADQU=",
        "25":"JgCIAAABKpIUERQRFDYUERQ1FRAVEBUQFTUVNRUQFTUUERQ2FDYUNhQRFBAVEBU1FTUVEBUQFTUVNRQRFBEUERQ2FBEUERQ1FRAVNRUQFRAVNRUQFRAVEBQRFBEUERQRFBEUERQRFBAVEBUQFRAVEBUQFRAVEBUQFRAVEBUQFBEUERQRFBEUERQADQU=",
        "26":"JgCIAAABKpIUERQRFDUVEBU1FRAVEBUQFTUVNRUQFDYUERQ2FDUVNRUQFRAVEBU1FTUVEBUQFTUUNhQRFBEUERQQFTUVEBU1FRAVNRUQFRAVNRUQFBEUERQRFBEUERQQFRAVEBUQFRAVEBUQFRAVEBUQFRAVEBUQFRAUERQRFBEUERQRFBAVEBUADQU=",
        "27":"JgCIAAABKpEVEBUQFTUVEBU1FRAUERQRFDYUNhQRFDUVEBU1FTUVNRUQFRAVEBQ2FDYUERQRFDYUNRUQFRAVEBU1FTUVEBU1FBEUNhQRFBEUNRURFBAVEBUQFRAVEBUQFRAVEBUQFBEUERQRFBEUERQRFBEUERQRFBEUEBUQFRAVEBUQFRAVEBUADQU=",
        "28":"JgCIAAABKpEVEBUQFTUVEBU1FBEUERQRFDYUNhQRFDUVEBU1FTUVNRUQFBEUERQ2FDYUERQRFDUVNRUQFRAVEBUQFRAVNRQ2FBEUNhQRFBEUNhQRFBAVEBUQFRAVEBUQFRAVEBUQFBEUERQRFBEUERQRFBEUERQRFBEUEBUQFRAVEBUQFRAVEBUADQU=",
        "29":"JgCIAAABKpIUERQRFDYUERU1FBAVEBUQFTUVNRUQFTUVEBQ2FDYUNhQRFBEUEBU1FTUVEBUQFTUVNRQRFBEUERQ2FBEUNRU1FRAVNRUQFRAVNRUQFRAUERQRFBEUERQRFBEUERQRFBAVEBUQFRAVEBUQFRAVEBUQFRAUERQRFBEUERQRFBEUERQADQU=",
        "30":"JgCIAAABKZIVEBUQFTUUERQ2FBEUERQQFTUVNRUQFTUVEBU1FTUUNhQRFBEUERQ1FTUVEBUQFTUVNRUQFRAVEBUQFDYUNhQ1FRAVNRUQFRAVNRUQFRAVEBUQFRAVEBQRFBEUERQRFBEUEBUQFRAVEBUQFRAVEBUQFRAVEBUQFRAVEBQRFBEUERQADQU="
      },
      "high":{
        "18":"JgCIAAABKJMTEhMSEzcSExI4EhMSExMSEjcTNxQREzcTEhM3EzcSOBMSExISExM2FDYTEhMSFDYUNhMSExITEhMSEzcUERMSExISNxMSFBETNxMSExITEhMSFBETEhMSExISExITExISExITExISExISExITEhQRExIUERMSFBETEhMSExITEhIADQU=",
        "19":"JgCIAAABKpIVEBUQFDYUERU0FRAVEBYPFjQVNRUQFTUVEBQ2FDYUNRUQFRAVEBU1FTUVEBUQFTUVNRQRFRAUERQ2FDUVEBUQFRAVNRUQFRAVNRUQFRAVEBQRFBEUERQRFBEUERQRFBAUERUQFRAUERQRFRAVEBUQFRATEhMSExITEhMSFBEUERMADQU=",
        "20":"JgCIAAABKZIUERQRFDYUERM3FBESExITEjcVNRURFDUVERQ1FDYUNhQRFBEUERQ2FDUVERISFTUVNRURFBEUEBUQFBEUNhQRFBEUNhQRFBEUNRUQFRAVEBUQFRAVEBUQFRAUERQRFBEUERQRFBEUERQRFBEUEBUQFRAVEBUQFRAVEBURFBAVEBUADQU=",
        "21":"JgCIAAABKZIUERQRFDYUERQ2FBEUERQRFDUVNRUQFTUVEBU1FDYUNhQRFBEUERQ1FTUVEBUQFTUVNRUQFBEUERQ2FBEUNhQRFBEUNRUQFRAVNRUQFRAVEBQRFBEUERQRFBEUERQRFBEUERQRFBAVEBUQFRAVEBUQFRAVEBUQFRAUERQRFBEUERQADQU=",
        "22":"JgCIAAABKZIVEBUQFTUUERQ2FBEUERQRFDUVNRUQFTUVEBU1FTUUNhQRFBEUERQ2FDUVEBUQFTUVNRUQFRAVEBUQFDYUNhQRFBEUNRUQFRAVNRUQFRAVEBUQFRAVEBUQFBEUERUQFBEUERQRFBEUERQQFRAVEBUQFRAVEBUQFRAVEBUQFRAUERQADQU=",
        "23":"JgCIAAABKpEVEBUQFTUVEBU1FRAVEBUQFTUVNRUQFDYUERQ1FTUVNRUQFRAVEBU1FTUVEBUQFTUUNhQQFRAVEBU1FTUVNRUQFRAVNRUQFRAUNhQRFBEUEBUQFRAVEBUQFRAVEBUQFRAVEBUQFRAVEBUQFRAVEBQRFBEUERQQFRAVEBUQFRAVEBUADQU=",
        "24":"JgCIAAABKpIUERQRFDYUEBU1FRAVEBUQFTUVNRUQFDYUERQ2FDYUNRUQFRAVEBU1FTUVEBUQFTUUNhQRFBEUERQRFBEUEBU1FRAVNRUQFRAVNRUQFBEUERQRFBEUERQRFBEUERQQFRAVEBUQFRAVEBUQFRAVEBUQFRAUERQRFBEUERQRFBEUERQADQU=",
        "25":"JgCIAAABKpIUERQRFDYUERQ1FRAVEBUQFTUVNRUQFTUUERQ2FDYUNhQRFBAVEBU1FTUVEBUQFTUVNRQRFBEUERQ2FBEUERQ1FRAVNRUQFRAVNRUQFRAVEBQRFBEUERQRFBEUERQRFBAVEBUQFRAVEBUQFRAVEBUQFRAVEBUQFBEUERQRFBEUERQADQU=",
        "26":"JgCIAAABKpIUERQRFDUVEBU1FRAVEBUQFTUVNRUQFDYUERQ2FDUVNRUQFRAVEBU1FTUVEBUQFTUUNhQRFBEUERQQFTUVEBU1FRAVNRUQFRAVNRUQFBEUERQRFBEUERQQFRAVEBUQFRAVEBUQFRAVEBUQFRAVEBUQFRAUERQRFBEUERQRFBAVEBUADQU=",
        "27":"JgCIAAABKpEVEBUQFTUVEBU1FRAUERQRFDYUNhQRFDUVEBU1FTUVNRUQFRAVEBQ2FDYUERQRFDYUNRUQFRAVEBU1FTUVEBU1FBEUNhQRFBEUNRURFBAVEBUQFRAVEBUQFRAVEBUQFBEUERQRFBEUERQRFBEUERQRFBEUEBUQFRAVEBUQFRAVEBUADQU=",
        "28":"JgCIAAABKpEVEBUQFTUVEBU1FBEUERQRFDYUNhQRFDUVEBU1FTUVNRUQFBEUERQ2FDYUERQRFDUVNRUQFRAVEBUQFRAVNRQ2FBEUNhQRFBEUNhQRFBAVEBUQFRAVEBUQFRAVEBUQFBEUERQRFBEUERQRFBEUERQRFBEUEBUQFRAVEBUQFRAVEBUADQU=",
        "29":"JgCIAAABKpIUERQRFDYUERU1FBAVEBUQFTUVNRUQFTUVEBQ2FDYUNhQRFBEUEBU1FTUVEBUQFTUVNRQRFBEUERQ2FBEUNRU1FRAVNRUQFRAVNRUQFRAUERQRFBEUERQRFBEUERQRFBAVEBUQFRAVEBUQFRAVEBUQFRAUERQRFBEUERQRFBEUERQADQU=",
        "30":"JgCIAAABKZIVEBUQFTUUERQ2FBEUERQQFTUVNRUQFTUVEBU1FTUUNhQRFBEUERQ1FTUVEBUQFTUVNRUQFRAVEBUQFDYUNhQ1FRAVNRUQFRAVNRUQFRAVEBUQFRAVEBQRFBEUERQRFBEUEBUQFRAVEBUQFRAVEBUQFRAVEBUQFRAVEBQRFBEUERQADQU="
      },
      "medium":{
        "18":"JgCIAAABKJMTEhMSEzcSExI4EhMSExMSEjcTNxQREzcTEhM3EzcSOBMSExISExM2FDYTEhMSFDYUNhMSExITEhMSEzcUERMSExISNxMSFBETNxMSExITEhMSFBETEhMSExISExITExISExITExISExISExITEhQRExIUERMSFBETEhMSExITEhIADQU=",
        "19":"JgCIAAABKpIVEBUQFDYUERU0FRAVEBYPFjQVNRUQFTUVEBQ2FDYUNRUQFRAVEBU1FTUVEBUQFTUVNRQRFRAUERQ2FDUVEBUQFRAVNRUQFRAVNRUQFRAVEBQRFBEUERQRFBEUERQRFBAUERUQFRAUERQRFRAVEBUQFRATEhMSExITEhMSFBEUERMADQU=",
        "20":"JgCIAAABKZIUERQRFDYUERM3FBESExITEjcVNRURFDUVERQ1FDYUNhQRFBEUERQ2FDUVERISFTUVNRURFBEUEBUQFBEUNhQRFBEUNhQRFBEUNRUQFRAVEBUQFRAVEBUQFRAUERQRFBEUERQRFBEUERQRFBEUEBUQFRAVEBUQFRAVEBURFBAVEBUADQU=",
        "21":"JgCIAAABKZIUERQRFDYUERQ2FBEUERQRFDUVNRUQFTUVEBU1FDYUNhQRFBEUERQ1FTUVEBUQFTUVNRUQFBEUERQ2FBEUNhQRFBEUNRUQFRAVNRUQFRAVEBQRFBEUERQRFBEUERQRFBEUERQRFBAVEBUQFRAVEBUQFRAVEBUQFRAUERQRFBEUERQADQU=",
        "22":"JgCIAAABKZIVEBUQFTUUERQ2FBEUERQRFDUVNRUQFTUVEBU1FTUUNhQRFBEUERQ2FDUVEBUQFTUVNRUQFRAVEBUQFDYUNhQRFBEUNRUQFRAVNRUQFRAVEBUQFRAVEBUQFBEUERUQFBEUERQRFBEUERQQFRAVEBUQFRAVEBUQFRAVEBUQFRAUERQADQU=",
        "23":"JgCIAAABKpEVEBUQFTUVEBU1FRAVEBUQFTUVNRUQFDYUERQ1FTUVNRUQFRAVEBU1FTUVEBUQFTUUNhQQFRAVEBU1FTUVNRUQFRAVNRUQFRAUNhQRFBEUEBUQFRAVEBUQFRAVEBUQFRAVEBUQFRAVEBUQFRAVEBQRFBEUERQQFRAVEBUQFRAVEBUADQU=",
        "24":"JgCIAAABKpIUERQRFDYUEBU1FRAVEBUQFTUVNRUQFDYUERQ2FDYUNRUQFRAVEBU1FTUVEBUQFTUUNhQRFBEUERQRFBEUEBU1FRAVNRUQFRAVNRUQFBEUERQRFBEUERQRFBEUERQQFRAVEBUQFRAVEBUQFRAVEBUQFRAUERQRFBEUERQRFBEUERQADQU=",
        "25":"JgCIAAABKpIUERQRFDYUERQ1FRAVEBUQFTUVNRUQFTUUERQ2FDYUNhQRFBAVEBU1FTUVEBUQFTUVNRQRFBEUERQ2FBEUERQ1FRAVNRUQFRAVNRUQFRAVEBQRFBEUERQRFBEUERQRFBAVEBUQFRAVEBUQFRAVEBUQFRAVEBUQFBEUERQRFBEUERQADQU=",
        "26":"JgCIAAABKpIUERQRFDUVEBU1FRAVEBUQFTUVNRUQFDYUERQ2FDUVNRUQFRAVEBU1FTUVEBUQFTUUNhQRFBEUERQQFTUVEBU1FRAVNRUQFRAVNRUQFBEUERQRFBEUERQQFRAVEBUQFRAVEBUQFRAVEBUQFRAVEBUQFRAUERQRFBEUERQRFBAVEBUADQU=",
        "27":"JgCIAAABKpEVEBUQFTUVEBU1FRAUERQRFDYUNhQRFDUVEBU1FTUVNRUQFRAVEBQ2FDYUERQRFDYUNRUQFRAVEBU1FTUVEBU1FBEUNhQRFBEUNRURFBAVEBUQFRAVEBUQFRAVEBUQFBEUERQRFBEUERQRFBEUERQRFBEUEBUQFRAVEBUQFRAVEBUADQU=",
        "28":"JgCIAAABKpEVEBUQFTUVEBU1FBEUERQRFDYUNhQRFDUVEBU1FTUVNRUQFBEUERQ2FDYUERQRFDUVNRUQFRAVEBUQFRAVNRQ2FBEUNhQRFBEUNhQRFBAVEBUQFRAVEBUQFRAVEBUQFBEUERQRFBEUERQRFBEUERQRFBEUEBUQFRAVEBUQFRAVEBUADQU=",
        "29":"JgCIAAABKpIUERQRFDYUERU1FBAVEBUQFTUVNRUQFTUVEBQ2FDYUNhQRFBEUEBU1FTUVEBUQFTUVNRQRFBEUERQ2FBEUNRU1FRAVNRUQFRAVNRUQFRAUERQRFBEUERQRFBEUERQRFBAVEBUQFRAVEBUQFRAVEBUQFRAUERQRFBEUERQRFBEUERQADQU=",
        "30":"JgCIAAABKZIVEBUQFTUUERQ2FBEUERQQFTUVNRUQFTUVEBU1FTUUNhQRFBEUERQ1FTUVEBUQFTUVNRUQFRAVEBUQFDYUNhQ1FRAVNRUQFRAVNRUQFRAVEBUQFRAVEBQRFBEUERQRFBEUEBUQFRAVEBUQFRAVEBUQFRAVEBUQFRAVEBQRFBEUERQADQU="
      },
      "low":{
        "18":"JgCIAAABKJMTEhMSEzcSExI4EhMSExMSEjcTNxQREzcTEhM3EzcSOBMSExISExM2FDYTEhMSFDYUNhMSExITEhMSEzcUERMSExISNxMSFBETNxMSExITEhMSFBETEhMSExISExITExISExITExISExISExITEhQRExIUERMSFBETEhMSExITEhIADQU=",
        "19":"JgCIAAABKpIVEBUQFDYUERU0FRAVEBYPFjQVNRUQFTUVEBQ2FDYUNRUQFRAVEBU1FTUVEBUQFTUVNRQRFRAUERQ2FDUVEBUQFRAVNRUQFRAVNRUQFRAVEBQRFBEUERQRFBEUERQRFBAUERUQFRAUERQRFRAVEBUQFRATEhMSExITEhMSFBEUERMADQU=",
        "20":"JgCIAAABKZIUERQRFDYUERM3FBESExITEjcVNRURFDUVERQ1FDYUNhQRFBEUERQ2FDUVERISFTUVNRURFBEUEBUQFBEUNhQRFBEUNhQRFBEUNRUQFRAVEBUQFRAVEBUQFRAUERQRFBEUERQRFBEUERQRFBEUEBUQFRAVEBUQFRAVEBURFBAVEBUADQU=",
        "21":"JgCIAAABKZIUERQRFDYUERQ2FBEUERQRFDUVNRUQFTUVEBU1FDYUNhQRFBEUERQ1FTUVEBUQFTUVNRUQFBEUERQ2FBEUNhQRFBEUNRUQFRAVNRUQFRAVEBQRFBEUERQRFBEUERQRFBEUERQRFBAVEBUQFRAVEBUQFRAVEBUQFRAUERQRFBEUERQADQU=",
        "22":"JgCIAAABKZIVEBUQFTUUERQ2FBEUERQRFDUVNRUQFTUVEBU1FTUUNhQRFBEUERQ2FDUVEBUQFTUVNRUQFRAVEBUQFDYUNhQRFBEUNRUQFRAVNRUQFRAVEBUQFRAVEBUQFBEUERUQFBEUERQRFBEUERQQFRAVEBUQFRAVEBUQFRAVEBUQFRAUERQADQU=",
        "23":"JgCIAAABKpEVEBUQFTUVEBU1FRAVEBUQFTUVNRUQFDYUERQ1FTUVNRUQFRAVEBU1FTUVEBUQFTUUNhQQFRAVEBU1FTUVNRUQFRAVNRUQFRAUNhQRFBEUEBUQFRAVEBUQFRAVEBUQFRAVEBUQFRAVEBUQFRAVEBQRFBEUERQQFRAVEBUQFRAVEBUADQU=",
        "24":"JgCIAAABKpIUERQRFDYUEBU1FRAVEBUQFTUVNRUQFDYUERQ2FDYUNRUQFRAVEBU1FTUVEBUQFTUUNhQRFBEUERQRFBEUEBU1FRAVNRUQFRAVNRUQFBEUERQRFBEUERQRFBEUERQQFRAVEBUQFRAVEBUQFRAVEBUQFRAUERQRFBEUERQRFBEUERQADQU=",
        "25":"JgCIAAABKpIUERQRFDYUERQ1FRAVEBUQFTUVNRUQFTUUERQ2FDYUNhQRFBAVEBU1FTUVEBUQFTUVNRQRFBEUERQ2FBEUERQ1FRAVNRUQFRAVNRUQFRAVEBQRFBEUERQRFBEUERQRFBAVEBUQFRAVEBUQFRAVEBUQFRAVEBUQFBEUERQRFBEUERQADQU=",
        "26":"JgCIAAABKpIUERQRFDUVEBU1FRAVEBUQFTUVNRUQFDYUERQ2FDUVNRUQFRAVEBU1FTUVEBUQFTUUNhQRFBEUERQQFTUVEBU1FRAVNRUQFRAVNRUQFBEUERQRFBEUERQQFRAVEBUQFRAVEBUQFRAVEBUQFRAVEBUQFRAUERQRFBEUERQRFBAVEBUADQU=",
        "27":"JgCIAAABKpEVEBUQFTUVEBU1FRAUERQRFDYUNhQRFDUVEBU1FTUVNRUQFRAVEBQ2FDYUERQRFDYUNRUQFRAVEBU1FTUVEBU1FBEUNhQRFBEUNRURFBAVEBUQFRAVEBUQFRAVEBUQFBEUERQRFBEUERQRFBEUERQRFBEUEBUQFRAVEBUQFRAVEBUADQU=",
        "28":"JgCIAAABKpEVEBUQFTUVEBU1FBEUERQRFDYUNhQRFDUVEBU1FTUVNRUQFBEUERQ2FDYUERQRFDUVNRUQFRAVEBUQFRAVNRQ2FBEUNhQRFBEUNhQRFBAVEBUQFRAVEBUQFRAVEBUQFBEUERQRFBEUERQRFBEUERQRFBEUEBUQFRAVEBUQFRAVEBUADQU=",
        "29":"JgCIAAABKpIUERQRFDYUERU1FBAVEBUQFTUVNRUQFTUVEBQ2FDYUNhQRFBEUEBU1FTUVEBUQFTUVNRQRFBEUERQ2FBEUNRU1FRAVNRUQFRAVNRUQFRAUERQRFBEUERQRFBEUERQRFBAVEBUQFRAVEBUQFRAVEBUQFRAUERQRFBEUERQRFBEUERQADQU=",
        "30":"JgCIAAABKZIVEBUQFTUUERQ2FBEUERQQFTUVNRUQFTUVEBU1FTUUNhQRFBEUERQ1FTUVEBUQFTUVNRUQFRAVEBUQFDYUNhQ1FRAVNRUQFRAVNRUQFRAVEBUQFRAVEBQRFBEUERQRFBEUEBUQFRAVEBUQFRAVEBUQFRAVEBUQFRAVEBQRFBEUERQADQU="
      }
    },
    "fan_only":{
      "auto":{
        "18":"JgCIAAABKpEVEBUQFTUVEBU1FRAVEBUQFTUUNhQRFDUVEBU1FTUVNRUQFRAVEBU1FTUVEBUQFDUVNRUQFRAVEBUQFTUVEBUQFTUVEBUQFRAVEBUQFBEUERQRFBEUERQRFBEUERQRFBAVEBUQFRAVEBUQFRAVEBUQFRAVEBQRFBEUERQRFBEUERQADQU=",
        "19":"JgCIAAABKpIUERQRFDYUERQ1FRAVEBUQFTUVNRUQFTUVEBQ2FDYUNhQRFBAVEBU1FTUVEBUQFTUVNRQRFBEUERQ2FDUVEBUQFTUVEBUQFRAVEBUQFRAVEBQRFBEUERQRFBEUERQRFBEUEBUQFRAVEBUQFRAVEBUQFRAVEBUQFBEUERQRFBEUERQADQU=",
        "20":"JgCIAAABKpEVEBUQFTUVEBU1FRAUERQRFDYUNhQQFTUVEBU1FTUVNRUQFRAVEBQ2FDYUERQRFDUVNRUQFRAVEBUQFRAVNRUQFTUUERQRFBEUERQRFBAVEBUQFRAVEBUQFRAVEBUQFRAVEBUQFRAUERQRFBEUERQRFBEUEBUQFRAVEBUQFRAVEBUADQU=",
        "21":"JgCIAAABKpIVEBUQFTQVERQ1FREUERQRFDUVNRUQFTUVEBU1FDUVNRURFBEUERQ1FTUVEBUQFTUUNhQRFBEUERQ1FREUNRQSFDUUERUQFRAVEBUQFBEUERQRFBETEhQRExITEhMSExITEhMSExITERQRFBEUERQRFBEUERQRExITEhMSExITEhMADQU=",
        "22":"JgCIAAABKpEVERQQFTUVEBU1FRAVEBUQFTUVNRQRFDYUERQ1FTUVNRUQFRAVEBU1FTUVEBUQFTUUNhQRFBEUEBUQFTUVNRUQFTUVEBUQFRAVEBUQFRAVEBUQFBEUERQRFBAVEBUQFRAVEBUQFRAVEBUQFRAVEBUQFRAVEBUQFRAVEBQRFBEUEBUADQU=",
        "23":"JgCIAAABKpEVEBUQFTUVEBU1FRAUERQRFDYUNhQRFDUVEBU1FTUVNRUQFRAVEBQ2FDYUERQRFDUVNRUQFRAVEBU1FTUVNRQRFDYUERQRFBEUERQRFBAVEBUQFRAVEBUQFRAVEBUQFRAUERQRFBEUERQRFBEUERQRFBEUEBUQFRAVEBUQFRAVEBUADQU=",
        "24":"JgCIAAABKpEVEBUQFTUVEBU1FBEUERQRFDYUNhQRFDUVEBU1FTUVNRUQFBEVEBQ2FDYUERQRFDYUNRUQFREUEBUQFRAVEBU1FDYUERQRFBEUERQRFBEUERQQFRAVEBUQFRAVEBUQFRAVEBQRFBEUERQRFBEUERQRFBEUERQRFBAVEBUQFRAVEBUADQU=",
        "25":"JgCIAAABKpIUERQRFDUVEBU1FRAVEBUQFTUVNRQRFDYUERQ2FDUVNRUQFRAVEBU1FTUVEBQRFDYUNhQRFBEUERQ1FRAVEBU1FTUVEBUQFRAUERQRFBEUERQRFBEUERQRFBEUEBUQFRAVEBUQFRAVEBUQFRAVEBQRFBEUERQRFBEUERQRFBEUERQADQU=",
        "26":"JgCIAAABKpEVERQQFTUVEBU1FRAVEBUQFDYUNhQRFDYUERQ1FTUVNRUQFRAVEBU1FDYUERQRFDYUNhQRFBEUEBUQFTUVEBU1FTUUERQRFBEUERQRFBEUERQRFBEUEBUQFRAVEBUQFRAVEBUQFRAUERQRFBEUERQRFBEUERQRFBEUERQQFRAVEBUADQU=",
        "27":"JgCIAAABKpIUERQRFDYUERQ1FRAVEBUQFTUVNRUQFTUVEBQ2FDYUNhQRFBAVEBU1FTUVEBUQFTUVNRQRFBEUERQ2FDUVEBU1FTUVEBUQFRAVEBUQFRAVEBQRFBEUERQRFBEUERQRFBAVEBUQFRAVEBUQFRAVEBUQFRAVEBQRFBEUERQRFBEUERQADQU=",
        "28":"JgCIAAABKpEVEBUQFTUVEBU1FRAVEBUQFDYUNhQRFDYUERQ1FTUVNRUQFRAVEBU1FDYUERQRFDYUNRUQFRAVEBUQFRAVNRU1FTUUERQRFBEUERQRFBEUERQRFBAVEBUQFRAVEBUQFRAVEBUQFRAVEBQRFBEUERQRFBEUERQRFBEUEBUQFRAVEBUADQU=",
        "29":"JgCIAAABKpEVEBUQFTUVEBU1FBEUERQQFTUVNRUQFTUVEBU1FTUVNRUQFBEUERQ1FTUVEBUQFTUVNRUQFRAVEBU1FRAUNhQ1FTUVEBUQFRAVEBUQFRAVEBUQFRAVEBUQFRAVEBQRFBEUERQQFRAVEBUQFRAVEBUQFRAVEBUQFRAVEBUQFRAVEBQADQU=",
        "30":"JgCIAAABKpIVEBQRFDUVEBU1FRAVEBUQFTUVNRUQFTUVEBU1FDUVNhQQFRAVEBU1FTUVEBUQFTUVNRUQFRAUERQQFTUVNRU1FTUVEBUQFRAVEBUQFRAVEBUQFBEUERQQFRAVEBUQFRAVEBUQFRAVEBUQFRAVEBUQFRAVEBUQFRAUERQRFBAVEBUADQU="
      },
      "high":{
        "18":"JgCIAAABKZIUERQRFDYUERQ2FBEUERMSEzcTNxMSEzYUERQ2FDYUNhQRFBEUERM3EzcTEhMSEzcTNhQRFBEUERQRFDYUERQRFDYTEhMSExITNxM3ExITERQRFBEUERQRFBEUERQRFBEUERMSExITEhMSExITEhMSExITEhMRFBEUERQRFBEUERQADQU=",
        "19":"JgCIAAABKpEVEBUQFTUVEBU1FRAVEBUQFTUVNRQRFDUVEBU1FTUVNRUQFRAVEBU1FTUVEBUQFDUVNRUQFRAVEBU1FTUVEBUQFTUVEBUQFRAUNhQ1FRAVEBUQFRAVEBUQFRAVEBUQFRAVEBUQFRAVEBUQFRAUERQQFRAVEBURFBAVEBURFBAVEBUADQU=",
        "20":"JgCIAAABKpEVEBUQFTUVEBU1FRAVEBUQFTUVNRQRFDUVEBU1FTUVNRUQFRAVEBU1FTUVEBUQFDYUNRUQFRAVEBUQFRAVNRUQFTUVEBUQFRAVNRQ2FBEUEBUQFRAVEBUQFRAVEBUQFRAVEBUQFRAVEBUQFRAUERQRFBEUEBUQFRAVEBUQFRAVEBUADQU=",
        "21":"JgCIAAABKpEVERQQFTUVEBU1FRAVEBUQFTUUNRURFDUVERQ1FTUVNRUQFRAVEBU1FTQVERQRFDUVNRURFBAVEBU1FRAVNRUQFTUVEBQRFBEUNRU1FREUERQQFRAVEBUQFRAVEBUQFRAVEBUQFRAUERQRFBEUERQRFBEUERQRFBAVEBUQFRAVEBUADQU=",
        "22":"JgCIAAABKpEVERQRFDUVEBU1FRAVEBUQFTUVNRQRFDUVERQ1FTUVNRUQFRAVEBU1FTUVEBUQFDUVNRURFBEUERQRFDUVNRUQFTUVEBUQFRAVNBU1FREUERQRFBEUERQQFRAVEBUQFRAVEBUQFRAVEBUQFRAUERQRFBEUERQRFBEUERQQFRAVEBUADQU=",
        "23":"JgCIAAABKpIVEBUQFDUVEBU1FRAVEBUQFTUVNRUQFTUVEBU1FTUUNRUQFRAVEBU1FTUVEBUQFTUVNRUQFRAVEBQ1FTUVNRURFDUVEBUQFRAVNRU1FRAVEBUQFBEUERQRFBEUERQRFBEUERQRFBAVEBUQFRAVEBUQFRAVEBUQFRAUERQQFREUERQADQU=",
        "24":"JgCIAAABKpEVEBUQFTUVEBU1FRAVEBUQFDUVNRURFDUVEBU1FTUVNRUQFRAVEBU0FTUVERQRFDUVNRUQFRAVEBUQFRAVEBU1FTQVERQRFBEUNRU1FREUEBUQFRAVEBUQFRAVEBUQFRAVEBUQFBEUERQRFBEUERQRFBEUEBUQFRAVEBUQFRAVEBUADQU=",
        "25":"JgCIAAABKpEVERQRFDUVERQ1FRAVEBUQFTUVNRUQFDUVERQ1FTUVNRUQFRAVEBU1FTUVEBUQFTQVNRURFBEUERQ1FRAVEBU1FTUVEBUQFRAVNBU1FREUERQRFBEUERQRFBAVEBUQFRAVEBUQFRAVEBUQFRAVEBQRFBEUERQRFBEUERQRFBEUEBUADQU=",
        "26":"JgCIAAABKpEVEBUQFTUVEBU1FRAVEBUQFTUUNhQRFDUVEBU1FTUVNRUQFRAVEBU1FTUUERQRFDUVNRUQFRAVEBUQFTUVEBU1FTUVEBQRFBEUNhQ1FRAVEBUQFRAVEBUQFRAVEBUQFRAVEBUQFRAUERQRFBEUERQQFRAVEBUQFRAVEBUQFRAVEBUADQU=",
        "27":"JgCIAAABKpEVEBUQFTUVEBU1FRAVEBQRFDUVNRUQFTUVEBU1FTUVNRUQFRAVEBU0FTUVEBUQFTUVNRUQFRAVEBU1FTUVEBU1FDUVEBUQFRAVNRU1FRAVEBUQFRAVEBUQFRAVEBUQFBEUEBUQFRAVEBUQFRAVEBUQFRAVEBUQFRAVEBUQFRAVEBUADQU=",
        "28":"JgCIAAABKpIVEBQRFDYUERQ1FRAVEBUQFTUVNRUQFTUVEBU1FDYUNhQRFBAVEBU1FTUVEBUQFTUVNRUQFRAUERQRFBEUNRU1FTUVEBUQFRAVNRU1FRAVEBUQFBEUERQRFBEUERQQFRAVEBUQFRAVEBUQFRAVEBUQFRAVEBUQFRAUERQRFBEUERQADQU=",
        "29":"JgCIAAABKpEVEBUQFTUVEBU0FRAVEBURFDUVNRUQFTUVEBU1FTUVNRQRFBAVERQ1FTUVEBURFDUVNRUQFRAVEBU1FRAUNRU1FTUVERQQFRAVNRU1FRAVEBUQFRAVEBUQFBEUEBURFBEUEBURFBAVERQQFRAVEBUQFRAVEBUQFRAVEBUQFBEUEBUADQU=",
        "30":"JgCIAAABKpEWEBQRFDUVERQ1FREUEBUQFTUVNRUQFTUVEBU0FTUVNRURFBEUERQ1FTUVEBUQFTUVNRUQFRAUERQRFDUVNRU1FTUVEBUQFRAVNRU1FRAUERQRFBEUERQRFBEUERQRFBAVEBUQFRAVEBUQFRAVEBUQFRAVEBQRFBEUERQRFBEUERQADQU="
      },
      "medium":{
        "18":"JgCIAAABKpIVEBQRFDYUEBU1FRAVEBUQFTUVNRUQFTUVEBQ2FDYUNRUQFRAVEBU1FTUVEBUQFTUVNRQRFBEUERQRFDUVEBUQFTUVEBUQFRAVEBU1FRAVEBUQFBEUERQRFBEUERQQFRAVEBUQFRAVEBUQFRAVEBUQFRAVEBUQFBEUERQRFBEUERQADQU=",
        "19":"JgCIAAABK5EVEBUQFTUVEBU0FREUERQRFDUVNRUQFTUVEBU1FTUVNRQRFBEUERQ1FTUVERQQFTUVNRUQFRAVEBU1FDUVERQRFDUVERQRFBEUEBU1FRAVEBUQFRAVEBUQFRAVEBQRFBEUERQRFBEUERQRFBEUEBUQFRAVEBUQFRAVEBUQFRAVEBUADQU=",
        "20":"JgCIAAABKZIVEBUQFTUUERQ2FBEUERQRFDYUNRUQFTUVEBU1FTUVNRQRFBEUERQ2FDUVEBUQFTUVNRUQFRAVEBUQFRAUNhQRFDYUERQRFBAVEBU1FRAVEBUQFRAVEBUQFRAVEBQRFBEUERQRFBEUERQRFBAVEBUQFRAVEBUQFRAVEBUQFRAVEBQADQU=",
        "21":"JgCIAAABKpEVEBUQFTUVEBU1FBEUERQRFDYUNhQRFDUVEBU1FTUVNRUQFRAUERQ2FDYUERQRFDUVNRUQFRAVEBU1FRAVNRQRFDYUERQRFBEUERQ1FRAVEBUQFRAVEBUQFRAVEBUQFRAUERQRFBEUERQRFBEUERQRFBAVEBUQFRAVEBUQFRAVEBUADQU=",
        "22":"JgCIAAABKpIUERQRFDYUERQ1FRAVEBUQFTUVNRUQFTUUERQ2FDYUNhQRFBAVEBU1FTUVEBUQFTUUNhQRFBEUERQRFDYUNRUQFTUVEBUQFRAVEBU1FBEUERQRFBEUERQRFBEUERQRFBAVEBUQFRAVEBUQFRAVEBUQFRAUERQRFBEUERQRFBEUERQADQU=",
        "23":"JgCIAAABKpIUERQRFDYUERQ1FRAVEBUQFTUVNRUQFTUVEBQ2FDYUNhQRFBAVEBU1FTUVEBUQFTUVNRQRFBEUERQ2FDUVNRUQFTUVEBUQFRAVEBU1FRAUERQRFBEUERQRFBEUEBUQFRAVEBUQFRAVEBUQFRAVEBUQFRAVEBUQFBEUERQRFBEUERQADQU=",
        "24":"JgCIAAABKZIVEBUQFTUUERQ2FBEUERQRFDYUNRUQFTUVEBU1FTUUNhQRFBEUERQ2FDUVEBUQFTUVNRUQFRAVEBQRFRAUERQ2FDYUERQRFBEUEBU1FRAVEBUQFRAVEBUQFBEUERQRFBEUERQRFBEUERQRFBAVEBUQFRAVEBUQFRAVEBUQFBEUERQADQU=",
        "25":"JgCIAAABKpEVEBUQFTUVEBU1FRAUERQRFDYUNRUQFTUVEBU1FTUVNRUQFRAVEBQ2FDYUERQRFDUVNRUQFRAVEBU1FRAVEBU1FDYUERQRFBEUEBU1FRAVEBUQFRAVEBUQFRAVEBUQFRAVEBUQFBEUERQRFBEUEBUQFRAVEBUQFRAVEBUQFRAVEBUADQU=",
        "26":"JgCIAAABKpIUERQRFDYUERQ2FBEUEBUQFTUVNRUQFTUVEBQ2FDYUNhQRFBEUERQ1FTUVEBUQFTUVNRQRFBEUERQRFDYUERQ1FTUVEBUQFRAVEBU1FRAVEBQRFBEUERQRFBEUERQRFBEUERQQFRAVEBUQFRAVEBUQFRAVEBUQFBEUERQRFBEUERQADQU=",
        "27":"JgCIAAABKpEVERQQFTUVEBU1FRAVEBUQFTUVNRUQFDYUERQ1FTUVNRUQFRAVEBU1FTUVEBUQFTUUNhQRFBAVEBU1FTUVEBU1FTUVEBUQFRAVEBU1FBEUERQRFBAVEBUQFRAVEBUQFRAVEBUQFRAVEBUQFRAVEBUQFBEUERQRFBEUEBUQFRAVEBUADQU=",
        "28":"JgCIAAABKZIVEBUQFTUUERQ2FBEUERQQFTUVNRUQFTUVEBU1FTUVNRQRFBEUERQ1FTUVEBUQFTUVNRUQFRAVEBUQFBEUNhQ1FTUVEBUQFRAVEBU1FRAVEBUQFRAVEBUQFBEUERQRFBEUERQQFRAVEBUQFRAVEBUQFRAVEBUQFRAVEBUQFBEUERQADQU=",
        "29":"JgCIAAABKpEVEBUQFTUVEBU1FRAVEBUQFDYUNRUQFTUVEBU1FTUVNRUQFRAVEBU1FDUVERQQFTUVNRUQFRAVEBU1FRAVNRU1FDYUERQQFRAVEBU1FRAVEBUQFRAVEBUQFRAVEBUQFRAVEBQRFBEUEBUQFRAVEBUQFRAVEBUQFRAVEBUQFRAVEBUADQU=",
        "30":"JgCIAAABKpIUERQRFDYUERQ2FBEUERQQFTUVNRUQFTUVEBU1FDYUNhQRFBEUERQ1FTUVEBUQFTUVNRUQFBEUERQRFDYUNhQ1FTUVEBUQFRAVEBU1FRAVEBQRFBEUERQRFBEUERQRFBEUEBUQFRAVEBUQFRAVEBUQFRAVEBQRFBEUERQRFBEUERQADQU="
      },
      "low":{
        "18":"JgCIAAABKpIUERQRFDUVEBU1FRAVEBUQFTUUNhQRFDYUERQ2FDUVNRUQFRAVEBU1FTUUERQRFDYUNhQRFBEUERQQFTUVEBUQFTUVEBUQFBEUNhQRFBEUERQRFBEUERQRFBAVEBUQFRAVEBUQFRAVEBQRFBEUERQRFBEUERQRFBEUERQRFBEUEBUADQU=",
        "19":"JgCIAAABKpEVERQRFDUVEBU1FRAVEBUQFDYUNhQRFDYUERQ1FTUVNRUQFRAVEBU1FDYUERQRFDYUNhQRFBEUEBU1FTUVEBUQFTUUERQRFBEUNhQRFBEUERQRFBAVEBUQFRAVEBUQFRAVEBUQFBEUERQRFBEUERQRFBEUERQRFBEUEBUQFRAVEBUADQU=",
        "20":"JgCIAAABKpIUERQRFDYUERQ1FRAVEBUQFTUVNRUQFDYUERQ2FDYUNhQRFBAVEBU1FTUVEBUQFTUUNhQRFBEUERQRFBEUNRUQFTUVEBUQFRAVNRQRFRAUERQRFBEUERQRFBEUERQRFBEUEBUQFRAVEBUQFRAVEBUQFBEUERQRFBEUERQRFBEUERQADQU=",
        "21":"JgCIAAABKZIUERQRFDYUERQ2FBEUERQRFDUVNRUQFTUVEBU1FDYUNhQRFBEUERQ1FTUVEBUQFTUVNRQRFBEUERQ2FBEUNhQRFDUVEBUQFRAVNRUQFRAVEBQRFBEUERQRFBEUERQRFBEUERQRFBAVEBUQFRAVEBUQFRAVEBUQFBEUERQRFBEUERQADQU=",
        "22":"JgCIAAABKpEVEBUQFTUVEBU1FRAUERQRFDYUNhQRFDYUERQ1FTUVNRUQFRAVEBQ2FDYUERQRFDYUNRUQFRAVEBUQFTUVNRQRFDYUERQRFBEUNhQRFBEUEBUQFRAVEBUQFRAVEBUQFRAUERQRFBEUERQRFBEUERQRFBEUERQQFRAVEBUQFRAVEBUADQU=",
        "23":"JgCIAAABKpEVEBUQFTUVEBU1FRAVEBUQFDYUNhQRFDUVEBU1FTUVNRUQFRAVEBU1FDYUERQRFDUVNRUQFRAVEBU1FTUVNRUQFDYUERQRFBEUNRUQFRAVEBUQFRAVEBUQFRAVEBUQFRAVEBQRFBEUERQRFBEUERQQFRAVEBUQFRAVEBUQFRAVEBUADQU=",
        "24":"JgCIAAABKo8XEBUQFTUVEBU1FRAUERQRFDYUNhQRFDYUEBU1FTUVNRUQFRAVEBQ2FDYUERQRFDUVNRUQFRAVEBUQFRAVEBU1FDYUERQRFBEUNhQRFBEUEBUQFRAVEBUQFRAVEBUQFRAVEBQRFBEUERQRFBEUERQRFBEUERQQFRAVEBUQFRAVEBUADQU=",
        "25":"JgCIAAABKpIUERQRFDYUERQ1FRAVEBURFDUVNRUQFTUUERQ2FDYUNhQRFBEUEBU1FTUVEBUQFTUVNRQRFBEUERQ2FBEUERQ1FTUVEBUQFRAVNRUQFRAUERQRFBEUERQRFBEUERQRFBAVEBUQFRAVEBUQFRAVEBUQFRAVEBQRFBEUERQRFBEUERQADQU=",
        "26":"JgCIAAABKZIVEBUQFDYUERQ2FBEUERQRFDUVNRUQFTUVEBU1FDYUNhQRFBEUERQ2FDUVEBUQFTUVNRUQFRAVEBQRFDYUERQ2FDUVEBUQFRAVNRUQFRAVEBUQFRAVEBQRFBEUERQRFBEUERQRFBEUEBUQFRAVEBUQFRAVEBUQFRAVEBUQFBEUERQADQU=",
        "27":"JgCIAAABKpEVEBUQFTUVEBU1FRAUERQRFDYUNhQRFDUVEBU1FTUVNRUQFRAVEBQ2FDYUERQRFDYUNRUQFRAVEBU1FTUVEBU1FDYUERQRFBEUNRUQFRAVEBUQFRAVEBUQFRAVEBUQFRAUERQRFBEUERQRFBEUERQRFBAVEBUQFRAVEBUQFRAVEBUADQU=",
        "28":"JgCIAAABK5IUERQRFDYUERQ2FBEUEBURFDUVNRUQFTUVEBQ2FDYUNhQRFBEUERQ1FTUVEBUQFTUVNRQRFBEUERQRFBEUNhQ1FTUVEBUQFRAVNRUQFRAUERQRFBEUERQRFBEUERQRFBEUERQQFRAVEBUQFRAVEBUQFRAVEBQRFBEUERQRFBEUERQADQU=",
        "29":"JgCIAAABKpEVEBUQFTUVEBU1FRAVEBQRFDYUNhQRFDUVERQ1FTUVNRUQFRAVEBQ2FDYUERQRFDYUNRUQFRAVEBU1FRAVNRU1FDYUERQRFBEUNhQRFBAVEBUQFRAVEBUQFRAVEBUQFBEUERQRFBEUERQRFBEUERQRFBEUEBUQFRAVEBUQFRAVEBUADQU=",
        "30":"JgCIAAABKpIUERQRFDYUERQ1FRAVEBUQFTUVNRUQFTUUERQ2FDYUNhQRFBEUEBU1FTUVEBUQFTUUNhQRFBEUERQRFDYUNhQ1FTUVEBUQFRAVNRQRFBEUERQRFBEUERQRFBEUERQQFRAVEBUQFRAVEBUQFRAVEBQRFBEUERQRFBEUERQRFBEUERQADQU="
      }
    }
  }
}