{
  "manufacturer":"Yamaha",
  "supportedModels":[
    "Unknown"
  ],
  "supportedController":"Broadlink",
  "commandsEncoding":"Base64",
  "commands":{
    "off":"JgBYAAABKJITERQ2FDgSNxM3EzYUNhQREzcUEBYQEhIVDxUQExITNxM3EzYUOBI3EzYUNhU1FRAUEBQRFBETExITExESEhM3FAAFGwABKEgUAAxOAAEoSRMADQU==",
    "on":"JgBQAAABJ5MUERQ2EzYUNhQ2FTUVNRYOFDcUEBQSExAUERYPExITOBISFDUUNhM3EzcUNhQ3EhEUNhQRFBETERQSFBESExI4EgAFGwABKUcVAA0FAAAAAAAAAAA=",
    "previousChannel":"JgBYAAABJpMTERU1FBIUNRQ2FDYUNxQQEzcUEBU1Fg8VEBQQFBEVNBY2FDUTERU1FDYVEBMRFRAUERUPFDcUERMSEzYUNRQ2FAAFGwABJ0kUAAxPAAEoSBUADQU=",
    "nextChannel":"JgBQAAABKZMTEBU2ExEUNhUzFzUVNRMSFDYUEBQ2FRATEhMSExITNhUPFDcUEBQ3EzYUEBURFBAUNhMSFTYUDxUQEzcTOBM1FgAFGQABKEkTAA0FAAAAAAAAAAA=",
    "volumeDown":"JgBYAAABJpMTERU1FBIUNRQ2FDYUNxQQEzcUEBU1Fg8VEBQQFBEVNBY2FDUTERU1FDYVEBMRFRAUERUPFDcUERMSEzYUNRQ2FAAFGwABJ0kUAAxPAAEoSBUADQU=",
    "volumeUp":"JgBQAAABKZMTEBU2ExEUNhUzFzUVNRMSFDYUEBQ2FRATEhMSExITNhUPFDcUEBQ3EzYUEBURFBAUNhMSFTYUDxUQEzcTOBM1FgAFGQABKEkTAA0FAAAAAAAAAAA=",
    "mute":"JgBYAAABKZEUEhM3ExAVNRQ2FjQVNRQSEjgTEBU1FBETEhUQExEUNhUQFBETNhQ2FDYUERQRExITNxQ1FBETEhQQFDYUNhM3FAAFGwABKEkTAAxPAAEoSBYADQU=",
    "sources":{
      "CD":"JgBYAAABJpMUEBU1FRESNxU1FDYVNhgMFDUUERQ2FBEUEBQRFRAUNxM2ExEWNRQQFDYTERYRFA8VDxU1Fg8WNBUQFDYVNhQ0FAAFHAABKEgUAAxPAAEoSBYADQU=",
      "DTV":"JgBYAAABKZIUEBQ2FBETNhU1FTYUNRQREzcUERQ1FRAVERUPFBISNhUQExEWNBYPFTUVEBQ2FBAUNxQ2ExEUNhQRFDYTEhQ1FAAFGwABKEgUAAxPAAEnSxIADQU=",
      "DVD":"JgBcAAABKJMWDhY0FBIVNBM3FDYXMxMSFDUVERQ2ExAUERQSExAVNxI2Fg8WDxUPGA0VERM3EjcUERQ1FTUVNhU0FDcUERQPFQAFGgABKEgVAAxOAAEpSBMAAUAJAA0FAAAAAAAAAAAAAAAA=",
      "AV1":"JgBgAAABKJMTExI3ExMSNxM3FDYTNxQSEzYUEhM2FBEUEhMSExITNhQ2FDYUERQRFDcTEhM3ExITEhQRFDYUNhQRFDYUERQRFAAFPQABKEkUAAxYAAEoSRQADFgAAShJFAANBQAAAAAAAAAA=",
      "AV5":"JgBgAAABKJMUERQ2FBITNhQ2FDYUNhQSEzYUEhM3ExITEhMSExITNxM3FDYUNhM3FDYUERQ2FBEUERQRFBITEhMSEzcTEhMSEwAFPgABKEkUAAxYAAEoSRQADFgAAShJFAANBQAAAAAAAAAA="
    }
  }
}